epoch,step,train_loss_epoch,train_loss_step,val_acc,val_loss
0,49,,1.628413200378418,,
0,99,,1.2522598505020142,,
0,149,,1.1628752946853638,,
0,199,,1.0329160690307617,,
0,249,,1.0893402099609375,,
0,299,,0.8416077494621277,,
0,349,,0.8899915814399719,,
0,399,,0.9053975343704224,,
0,449,,0.6656514406204224,,
0,499,,0.5540974736213684,,
0,549,,0.7046199440956116,,
0,599,,0.6794834733009338,,
0,649,,0.5960370898246765,,
0,699,,0.5947563648223877,,
0,749,,0.619939923286438,,
0,799,,0.591934084892273,,
0,849,,0.6024167537689209,,
0,899,,0.488506942987442,,
0,949,,0.6461449861526489,,
0,999,,0.4906243681907654,,
0,1049,,0.4844157099723816,,
0,1099,,0.5976769924163818,,
0,1149,,0.507134735584259,,
0,1199,,0.5963073968887329,,
0,1249,,0.40498173236846924,,
0,1299,,0.45430076122283936,,
0,1349,,0.5716620683670044,,
0,1349,,,0.8451967835426331,0.436850905418396
0,1349,0.7494810819625854,,,
1,1399,,0.3180910646915436,,
1,1449,,0.41308340430259705,,
1,1499,,0.40257832407951355,,
1,1549,,0.3890831172466278,,
1,1599,,0.34935683012008667,,
1,1649,,0.3649028539657593,,
1,1699,,0.44191497564315796,,
1,1749,,0.3144937753677368,,
1,1799,,0.36823445558547974,,
1,1849,,0.3339367210865021,,
1,1899,,0.31246790289878845,,
1,1949,,0.2529445290565491,,
1,1999,,0.3252072334289551,,
1,2049,,0.28169628977775574,,
1,2099,,0.3814341723918915,,
1,2149,,0.3447187840938568,,
1,2199,,0.300189733505249,,
1,2249,,0.2785581052303314,,
1,2299,,0.2451220452785492,,
1,2349,,0.24520985782146454,,
1,2399,,0.269410640001297,,
1,2449,,0.3267483711242676,,
1,2499,,0.32472917437553406,,
1,2549,,0.24873945116996765,,
1,2599,,0.27350834012031555,,
1,2649,,0.24989363551139832,,
1,2699,,0.2573668956756592,,
1,2699,,,0.8915508985519409,0.31044164299964905
1,2699,0.3350416421890259,,,
2,2749,,0.23720116913318634,,
2,2799,,0.2061547040939331,,
2,2849,,0.25596708059310913,,
2,2899,,0.24554310739040375,,
2,2949,,0.2792729437351227,,
2,2999,,0.22388722002506256,,
2,3049,,0.2536259889602661,,
2,3099,,0.20958314836025238,,
2,3149,,0.2198401540517807,,
2,3199,,0.18442364037036896,,
2,3249,,0.18473781645298004,,
2,3299,,0.2016177624464035,,
2,3349,,0.23928502202033997,,
2,3399,,0.20593048632144928,,
2,3449,,0.21829737722873688,,
2,3499,,0.24180281162261963,,
2,3549,,0.2530258297920227,,
2,3599,,0.17531955242156982,,
2,3649,,0.23779146373271942,,
2,3699,,0.23830877244472504,,
2,3749,,0.20544308423995972,,
2,3799,,0.2148977816104889,,
2,3849,,0.24944354593753815,,
2,3899,,0.23968467116355896,,
2,3949,,0.20048286020755768,,
2,3999,,0.22516238689422607,,
2,4049,,0.2254565954208374,,
2,4049,,,0.9175694584846497,0.2325095236301422
2,4049,0.22458891570568085,,,
3,4099,,0.2308908849954605,,
3,4149,,0.15537777543067932,,
3,4199,,0.13749824464321136,,
3,4249,,0.1590544432401657,,
3,4299,,0.17759084701538086,,
3,4349,,0.15793108940124512,,
3,4399,,0.1785666048526764,,
3,4449,,0.21555553376674652,,
3,4499,,0.1131855919957161,,
3,4549,,0.17187948524951935,,
3,4599,,0.11784674972295761,,
3,4649,,0.14601437747478485,,
3,4699,,0.17871156334877014,,
3,4749,,0.1494925618171692,,
3,4799,,0.2408892810344696,,
3,4849,,0.15140603482723236,,
3,4899,,0.18272869288921356,,
3,4949,,0.1662018895149231,,
3,4999,,0.14673258364200592,,
3,5049,,0.21947988867759705,,
3,5099,,0.1690802425146103,,
3,5149,,0.14443032443523407,,
3,5199,,0.17751005291938782,,
3,5249,,0.14887209236621857,,
3,5299,,0.20913295447826385,,
3,5349,,0.23294436931610107,,
3,5399,,0.17647601664066315,,
3,5399,,,0.9284606575965881,0.20780915021896362
3,5399,0.16823960840702057,,,
4,5449,,0.08493867516517639,,
4,5499,,0.06500499695539474,,
4,5549,,0.10526217520236969,,
4,5599,,0.1081790179014206,,
4,5649,,0.11134146898984909,,
4,5699,,0.12232314795255661,,
4,5749,,0.1471594125032425,,
4,5799,,0.10975136607885361,,
4,5849,,0.20233891904354095,,
4,5899,,0.0769290030002594,,
4,5949,,0.12455721199512482,,
4,5999,,0.10230202972888947,,
4,6049,,0.11972016841173172,,
4,6099,,0.08577895164489746,,
4,6149,,0.14391975104808807,,
4,6199,,0.17157165706157684,,
4,6249,,0.190185546875,,
4,6299,,0.06597058475017548,,
4,6349,,0.09784512221813202,,
4,6399,,0.13390736281871796,,
4,6449,,0.1301698386669159,,
4,6499,,0.16002817451953888,,
4,6549,,0.12120958417654037,,
4,6599,,0.09572909772396088,,
4,6649,,0.1690785437822342,,
4,6699,,0.11344646662473679,,
4,6749,,0.15673239529132843,,
4,6749,,,0.9260647892951965,0.19402962923049927
4,6749,0.1358410120010376,,,
5,6799,,0.15998955070972443,,
5,6849,,0.11633974313735962,,
5,6899,,0.12077752500772476,,
5,6949,,0.10608465224504471,,
5,6999,,0.09468679130077362,,
5,7049,,0.13913370668888092,,
5,7099,,0.0621119849383831,,
5,7149,,0.07802186906337738,,
5,7199,,0.09123171120882034,,
5,7249,,0.12912346422672272,,
5,7299,,0.07612793892621994,,
5,7349,,0.1306120902299881,,
5,7399,,0.14518652856349945,,
5,7449,,0.09063341468572617,,
5,7499,,0.1321796178817749,,
5,7549,,0.12281947582960129,,
5,7599,,0.0776737704873085,,
5,7649,,0.08949767053127289,,
5,7699,,0.132676899433136,,
5,7749,,0.05976434424519539,,
5,7799,,0.1519594043493271,,
5,7849,,0.13126644492149353,,
5,7899,,0.09274660050868988,,
5,7949,,0.10470341145992279,,
5,7999,,0.10918138921260834,,
5,8049,,0.1230665072798729,,
5,8099,,0.12451273947954178,,
5,8099,,,0.9301041960716248,0.18891407549381256
5,8099,0.11377927660942078,,,
6,8149,,0.08750467002391815,,
6,8199,,0.19657044112682343,,
6,8249,,0.0773247703909874,,
6,8299,,0.1575215458869934,,
6,8349,,0.06333579123020172,,
6,8399,,0.09135394543409348,,
6,8449,,0.07552812993526459,,
6,8499,,0.09376709908246994,,
6,8549,,0.13213425874710083,,
6,8599,,0.09114832431077957,,
6,8649,,0.1006673276424408,,
6,8699,,0.07705149054527283,,
6,8749,,0.09871704131364822,,
6,8799,,0.08074658364057541,,
6,8849,,0.17235799133777618,,
6,8899,,0.16378621757030487,,
6,8949,,0.10951041430234909,,
6,8999,,0.10656046867370605,,
6,9049,,0.11446072906255722,,
6,9099,,0.08859602361917496,,
6,9149,,0.109490305185318,,
6,9199,,0.13908380270004272,,
6,9249,,0.09758971631526947,,
6,9299,,0.14489002525806427,,
6,9349,,0.10075026005506516,,
6,9399,,0.10852907598018646,,
6,9449,,0.10861360281705856,,
6,9449,,,0.9411574006080627,0.1589902937412262
6,9449,0.0950312614440918,,,
7,9499,,0.03519177809357643,,
7,9549,,0.08139003068208694,,
7,9599,,0.07848366349935532,,
7,9649,,0.10726958513259888,,
7,9699,,0.09442207217216492,,
7,9749,,0.07832669466733932,,
7,9799,,0.07921937853097916,,
7,9849,,0.08416309207677841,,
7,9899,,0.09802804887294769,,
7,9949,,0.06838510930538177,,
7,9999,,0.0726306289434433,,
7,10049,,0.07377366721630096,,
7,10099,,0.09793800860643387,,
7,10149,,0.0715290978550911,,
7,10199,,0.07684151828289032,,
7,10249,,0.05454735457897186,,
7,10299,,0.07362022250890732,,
7,10349,,0.11301429569721222,,
7,10399,,0.09182435274124146,,
7,10449,,0.11164036393165588,,
7,10499,,0.09797874838113785,,
7,10549,,0.09706258773803711,,
7,10599,,0.09215433895587921,,
7,10649,,0.0988573506474495,,
7,10699,,0.10189538449048996,,
7,10749,,0.06786669790744781,,
7,10799,,0.05438273772597313,,
7,10799,,,0.9316551089286804,0.1806560903787613
7,10799,0.08397984504699707,,,
8,10849,,0.0467551052570343,,
8,10899,,0.06705057621002197,,
8,10949,,0.09509555995464325,,
8,10999,,0.04706614091992378,,
8,11049,,0.03746337816119194,,
8,11099,,0.04392967000603676,,
8,11149,,0.05642259493470192,,
8,11199,,0.042724382132291794,,
8,11249,,0.06197815388441086,,
8,11299,,0.06003175303339958,,
8,11349,,0.045507851988077164,,
8,11399,,0.051971159875392914,,
8,11449,,0.07295244932174683,,
8,11499,,0.022926390171051025,,
8,11549,,0.04005621001124382,,
8,11599,,0.07614516466856003,,
8,11649,,0.06177882105112076,,
8,11699,,0.05416174232959747,,
8,11749,,0.07867707312107086,,
8,11799,,0.10015669465065002,,
8,11849,,0.13128918409347534,,
8,11899,,0.11044967919588089,,
8,11949,,0.11499159783124924,,
8,11999,,0.07316456735134125,,
8,12049,,0.06116757169365883,,
8,12099,,0.08333117514848709,,
8,12149,,0.07270735502243042,,
8,12149,,,0.9394097328186035,0.1647130399942398
8,12149,0.07384221255779266,,,
9,12199,,0.032512370496988297,,
9,12249,,0.0615231916308403,,
9,12299,,0.050556838512420654,,
9,12349,,0.020214732736349106,,
9,12399,,0.048033662140369415,,
9,12449,,0.07685518264770508,,
9,12499,,0.044447388499975204,,
9,12549,,0.05420955643057823,,
9,12599,,0.0444810576736927,,
9,12649,,0.06288188695907593,,
9,12699,,0.05015882849693298,,
9,12749,,0.05960045009851456,,
9,12799,,0.09709101170301437,,
9,12849,,0.0956776961684227,,
9,12899,,0.058295879513025284,,
9,12949,,0.06871280074119568,,
9,12999,,0.02136431261897087,,
9,13049,,0.08749863505363464,,
9,13099,,0.04651200398802757,,
9,13149,,0.0561499148607254,,
9,13199,,0.05254679173231125,,
9,13249,,0.04938628152012825,,
9,13299,,0.06137287616729736,,
9,13349,,0.06842468678951263,,
9,13399,,0.08091657608747482,,
9,13449,,0.05744173750281334,,
9,13499,,0.034336116164922714,,
9,13499,,,0.941979169845581,0.15980708599090576
9,13499,0.06762593239545822,,,
10,13549,,0.02157309092581272,,
10,13599,,0.08140165358781815,,
10,13649,,0.045296695083379745,,
10,13699,,0.03780480846762657,,
10,13749,,0.07229868322610855,,
10,13799,,0.10432613641023636,,
10,13849,,0.045066144317388535,,
10,13899,,0.052957963198423386,,
10,13949,,0.08864951878786087,,
10,13999,,0.040854278951883316,,
10,14049,,0.10888661444187164,,
10,14099,,0.02499357983469963,,
10,14149,,0.042700402438640594,,
10,14199,,0.0624559111893177,,
10,14249,,0.07399778813123703,,
10,14299,,0.07435275614261627,,
10,14349,,0.025249605998396873,,
10,14399,,0.053316630423069,,
10,14449,,0.06840605288743973,,
10,14499,,0.054252102971076965,,
10,14549,,0.04777204990386963,,
10,14599,,0.05226203426718712,,
10,14649,,0.067903071641922,,
10,14699,,0.057438407093286514,,
10,14749,,0.040127646178007126,,
10,14799,,0.06183511018753052,,
10,14849,,0.051879994571208954,,
10,14849,,,0.9404050707817078,0.1585470288991928
10,14849,0.06194356456398964,,,
11,14899,,0.06521297246217728,,
11,14949,,0.050344422459602356,,
11,14999,,0.0525871142745018,,
11,15049,,0.04574846103787422,,
11,15099,,0.028475210070610046,,
11,15149,,0.06204884871840477,,
11,15199,,0.03878282010555267,,
11,15249,,0.02874005027115345,,
11,15299,,0.05227532237768173,,
11,15349,,0.05909794941544533,,
11,15399,,0.1041930764913559,,
11,15449,,0.06837829202413559,,
11,15499,,0.06767375022172928,,
11,15549,,0.0689166933298111,,
11,15599,,0.04893318936228752,,
11,15649,,0.07279708236455917,,
11,15699,,0.03766149654984474,,
11,15749,,0.06304194778203964,,
11,15799,,0.05800912156701088,,
11,15849,,0.0383605882525444,,
11,15899,,0.054010216146707535,,
11,15949,,0.0781165286898613,,
11,15999,,0.030927980318665504,,
11,16049,,0.07097649574279785,,
11,16099,,0.07797674834728241,,
11,16149,,0.013974091969430447,,
11,16199,,0.05623463913798332,,
11,16199,,,0.9416897892951965,0.15893006324768066
11,16199,0.057822320610284805,,,
12,16249,,0.04368218407034874,,
12,16299,,0.06703777611255646,,
12,16349,,0.05351807549595833,,
12,16399,,0.050301145762205124,,
12,16449,,0.0434555783867836,,
12,16499,,0.02951224520802498,,
12,16549,,0.023050982505083084,,
12,16599,,0.07870514690876007,,
12,16649,,0.04168357327580452,,
12,16699,,0.03057902120053768,,
12,16749,,0.02702065370976925,,
12,16799,,0.04216405376791954,,
12,16849,,0.02504836395382881,,
12,16899,,0.06425108760595322,,
12,16949,,0.10017774254083633,,
12,16999,,0.07348719984292984,,
12,17049,,0.10022737085819244,,
12,17099,,0.04922635108232498,,
12,17149,,0.021871959790587425,,
12,17199,,0.04826482757925987,,
12,17249,,0.018029138445854187,,
12,17299,,0.02903805300593376,,
12,17349,,0.077540323138237,,
12,17399,,0.055179670453071594,,
12,17449,,0.023638717830181122,,
12,17499,,0.028009694069623947,,
12,17549,,0.04323501139879227,,
12,17549,,,0.9429513812065125,0.1508481651544571
12,17549,0.051399294286966324,,,
13,17599,,0.027068423107266426,,
13,17649,,0.04418670013546944,,
13,17699,,0.0452367439866066,,
13,17749,,0.05928472429513931,,
13,17799,,0.0840911790728569,,
13,17849,,0.04154146835207939,,
13,17899,,0.039569273591041565,,
13,17949,,0.028108935803174973,,
13,17999,,0.03469063341617584,,
13,18049,,0.051125358790159225,,
13,18099,,0.03218771517276764,,
13,18149,,0.0875733494758606,,
13,18199,,0.032693926244974136,,
13,18249,,0.0609121210873127,,
13,18299,,0.07378172129392624,,
13,18349,,0.027416307479143143,,
13,18399,,0.036928970366716385,,
13,18449,,0.036140382289886475,,
13,18499,,0.049442850053310394,,
13,18549,,0.03445276618003845,,
13,18599,,0.08195953071117401,,
13,18649,,0.04383324831724167,,
13,18699,,0.05064783990383148,,
13,18749,,0.025531237944960594,,
13,18799,,0.12548698484897614,,
13,18849,,0.060926828533411026,,
13,18899,,0.04315013438463211,,
13,18899,,,0.9440856575965881,0.1527470201253891
13,18899,0.04880334436893463,,,
14,18949,,0.045046571642160416,,
14,18999,,0.03726250305771828,,
14,19049,,0.028508014976978302,,
14,19099,,0.012746122665703297,,
14,19149,,0.0435740128159523,,
14,19199,,0.07283204793930054,,
14,19249,,0.041418131440877914,,
14,19299,,0.05045429617166519,,
14,19349,,0.027175884693861008,,
14,19399,,0.07317183911800385,,
14,19449,,0.025441762059926987,,
14,19499,,0.07821980118751526,,
14,19549,,0.04359910264611244,,
14,19599,,0.047987762838602066,,
14,19649,,0.02719961851835251,,
14,19699,,0.03312981501221657,,
14,19749,,0.038621459156274796,,
14,19799,,0.03997617959976196,,
14,19849,,0.07980186492204666,,
14,19899,,0.03477347642183304,,
14,19949,,0.029172701761126518,,
14,19999,,0.03421040624380112,,
14,20049,,0.03111552633345127,,
14,20099,,0.027773912996053696,,
14,20149,,0.04322342947125435,,
14,20199,,0.05501154810190201,,
14,20249,,0.09210801124572754,,
14,20249,,,0.9449305534362793,0.14828555285930634
14,20249,0.04517683386802673,,,
15,20299,,0.04572787508368492,,
15,20349,,0.018057843670248985,,
15,20399,,0.02457875944674015,,
15,20449,,0.028623253107070923,,
15,20499,,0.05689015984535217,,
15,20549,,0.05298563092947006,,
15,20599,,0.022620080038905144,,
15,20649,,0.03969905152916908,,
15,20699,,0.061431556940078735,,
15,20749,,0.0381469801068306,,
15,20799,,0.04087047278881073,,
15,20849,,0.0714973509311676,,
15,20899,,0.06879181414842606,,
15,20949,,0.08011571317911148,,
15,20999,,0.03170154243707657,,
15,21049,,0.06581252813339233,,
15,21099,,0.03422592580318451,,
15,21149,,0.06801318377256393,,
15,21199,,0.037495389580726624,,
15,21249,,0.021746385842561722,,
15,21299,,0.0477646067738533,,
15,21349,,0.0180832352489233,,
15,21399,,0.021884450688958168,,
15,21449,,0.013269159942865372,,
15,21499,,0.030229661613702774,,
15,21549,,0.041191134601831436,,
15,21599,,0.04951059818267822,,
15,21599,,,0.9436342716217041,0.15544113516807556
15,21599,0.04292844980955124,,,
16,21649,,0.014658831991255283,,
16,21699,,0.053925059735774994,,
16,21749,,0.04778144136071205,,
16,21799,,0.02416166476905346,,
16,21849,,0.02837119624018669,,
16,21899,,0.04068544879555702,,
16,21949,,0.021464215591549873,,
16,21999,,0.019536491483449936,,
16,22049,,0.025919143110513687,,
16,22099,,0.05272422358393669,,
16,22149,,0.011562131345272064,,
16,22199,,0.012767424806952477,,
16,22249,,0.027810797095298767,,
16,22299,,0.03385309502482414,,
16,22349,,0.032093677669763565,,
16,22399,,0.07027069479227066,,
16,22449,,0.010972030460834503,,
16,22499,,0.032179657369852066,,
16,22549,,0.04994618892669678,,
16,22599,,0.029033241793513298,,
16,22649,,0.04509640485048294,,
16,22699,,0.010769837535917759,,
16,22749,,0.06824150681495667,,
16,22799,,0.03289234638214111,,
16,22849,,0.03423508256673813,,
16,22899,,0.08125100284814835,,
16,22949,,0.04005526378750801,,
16,22949,,,0.9378935098648071,0.17063847184181213
16,22949,0.04004490748047829,,,
17,22999,,0.023472756147384644,,
17,23049,,0.011892929673194885,,
17,23099,,0.032651446759700775,,
17,23149,,0.048872239887714386,,
17,23199,,0.0142621248960495,,
17,23249,,0.035954222083091736,,
17,23299,,0.00941959023475647,,
17,23349,,0.023843398317694664,,
17,23399,,0.019016165286302567,,
17,23449,,0.03241875395178795,,
17,23499,,0.03736618161201477,,
17,23549,,0.012817475013434887,,
17,23599,,0.056020285934209824,,
17,23649,,0.04595667123794556,,
17,23699,,0.061249740421772,,
17,23749,,0.0305490642786026,,
17,23799,,0.07486885786056519,,
17,23849,,0.02837560884654522,,
17,23899,,0.020674142986536026,,
17,23949,,0.024978578090667725,,
17,23999,,0.03994990512728691,,
17,24049,,0.040516629815101624,,
17,24099,,0.02585882507264614,,
17,24149,,0.09659098833799362,,
17,24199,,0.02508270926773548,,
17,24249,,0.052046213299036026,,
17,24299,,0.08465615659952164,,
17,24299,,,0.9383796453475952,0.16775205731391907
17,24299,0.03903285413980484,,,
18,24349,,0.021831098943948746,,
18,24399,,0.03159734234213829,,
18,24449,,0.026840537786483765,,
18,24499,,0.023829810321331024,,
18,24549,,0.05489920452237129,,
18,24599,,0.07692214101552963,,
18,24649,,0.013162968680262566,,
18,24699,,0.04623458534479141,,
18,24749,,0.054436929523944855,,
18,24799,,0.057875026017427444,,
18,24849,,0.04362773522734642,,
18,24899,,0.009762031957507133,,
18,24949,,0.07249803096055984,,
18,24999,,0.04812994226813316,,
18,25049,,0.04457256197929382,,
18,25099,,0.03690653294324875,,
18,25149,,0.023217523470520973,,
18,25199,,0.05749772489070892,,
18,25249,,0.06784676760435104,,
18,25299,,0.019865717738866806,,
18,25349,,0.07031074166297913,,
18,25399,,0.019930921494960785,,
18,25449,,0.04329763725399971,,
18,25499,,0.05066706985235214,,
18,25549,,0.028703533113002777,,
18,25599,,0.03650740906596184,,
18,25649,,0.03204662725329399,,
18,25649,,,0.9432754516601562,0.15749390423297882
18,25649,0.03708827495574951,,,
19,25699,,0.04794244095683098,,
19,25749,,0.017851052805781364,,
19,25799,,0.05174925923347473,,
19,25849,,0.022524692118167877,,
19,25899,,0.012533974833786488,,
19,25949,,0.03175588697195053,,
19,25999,,0.04423145204782486,,
19,26049,,0.036026932299137115,,
19,26099,,0.040297187864780426,,
19,26149,,0.02213342674076557,,
19,26199,,0.05457669869065285,,
19,26249,,0.03919084742665291,,
19,26299,,0.03823310509324074,,
19,26349,,0.02102072723209858,,
19,26399,,0.03342786058783531,,
19,26449,,0.0478317067027092,,
19,26499,,0.019129207357764244,,
19,26549,,0.04222422093153,,
19,26599,,0.059148095548152924,,
19,26649,,0.05078352615237236,,
19,26699,,0.032328177243471146,,
19,26749,,0.07307910174131393,,
19,26799,,0.05547621473670006,,
19,26849,,0.05006550997495651,,
19,26899,,0.02024148404598236,,
19,26949,,0.09442109614610672,,
19,26999,,0.017856400460004807,,
19,26999,,,0.9408102035522461,0.1685141623020172
19,26999,0.03549271821975708,,,
20,27049,,0.06367439776659012,,
20,27099,,0.033693764358758926,,
20,27149,,0.00949052069336176,,
20,27199,,0.04880690202116966,,
20,27249,,0.032659418880939484,,
20,27299,,0.02197195589542389,,
20,27349,,0.020129332318902016,,
20,27399,,0.01713668741285801,,
20,27449,,0.08169209957122803,,
20,27499,,0.060722630470991135,,
20,27549,,0.012191670015454292,,
20,27599,,0.03525060787796974,,
20,27649,,0.03024008311331272,,
20,27699,,0.02368948981165886,,
20,27749,,0.037166666239500046,,
20,27799,,0.03721486032009125,,
20,27849,,0.027084553614258766,,
20,27899,,0.039382606744766235,,
20,27949,,0.025012480095028877,,
20,27999,,0.03155406191945076,,
20,28049,,0.08067521452903748,,
20,28099,,0.009763972833752632,,
20,28149,,0.017681701108813286,,
20,28199,,0.09857537597417831,,
20,28249,,0.03841594234108925,,
20,28299,,0.025367310270667076,,
20,28349,,0.038495130836963654,,
20,28349,,,0.9391897916793823,0.1714422106742859
20,28349,0.03406970202922821,,,
21,28399,,0.010576500557363033,,
21,28449,,0.0201223473995924,,
21,28499,,0.010632051154971123,,
21,28549,,0.019686199724674225,,
21,28599,,0.02380978874862194,,
21,28649,,0.014546537771821022,,
21,28699,,0.0205625519156456,,
21,28749,,0.009274453856050968,,
21,28799,,0.02282562665641308,,
21,28849,,0.05937793850898743,,
21,28899,,0.03392470255494118,,
21,28949,,0.01732673868536949,,
21,28999,,0.014954399317502975,,
21,29049,,0.03558982536196709,,
21,29099,,0.01271873526275158,,
21,29149,,0.009275964461266994,,
21,29199,,0.041809335350990295,,
21,29249,,0.035247087478637695,,
21,29299,,0.021423283964395523,,
21,29349,,0.041316818445920944,,
21,29399,,0.04908841475844383,,
21,29449,,0.06795570254325867,,
21,29499,,0.040112193673849106,,
21,29549,,0.041714515537023544,,
21,29599,,0.05074663832783699,,
21,29649,,0.00876090582460165,,
21,29699,,0.057043757289648056,,
21,29699,,,0.946967601776123,0.14625094830989838
21,29699,0.03188963979482651,,,
22,29749,,0.0075595867820084095,,
22,29799,,0.027206363156437874,,
22,29849,,0.023597104474902153,,
22,29899,,0.03825989365577698,,
22,29949,,0.02552551031112671,,
22,29999,,0.04223380982875824,,
22,30049,,0.016489297151565552,,
22,30099,,0.03561796247959137,,
22,30149,,0.031098686158657074,,
22,30199,,0.054627224802970886,,
22,30249,,0.011481181718409061,,
22,30299,,0.026093918830156326,,
22,30349,,0.05091192200779915,,
22,30399,,0.025086330249905586,,
22,30449,,0.009623558260500431,,
22,30499,,0.04142221808433533,,
22,30549,,0.03121873363852501,,
22,30599,,0.05023019760847092,,
22,30649,,0.050520386546850204,,
22,30699,,0.039785731583833694,,
22,30749,,0.04284089058637619,,
22,30799,,0.010639253072440624,,
22,30849,,0.04677226021885872,,
22,30899,,0.025220846757292747,,
22,30949,,0.016662752255797386,,
22,30999,,0.05984111130237579,,
22,31049,,0.057976190000772476,,
22,31049,,,0.946516215801239,0.1504429280757904
22,31049,0.03246772661805153,,,
23,31099,,0.026238445192575455,,
23,31149,,0.050693608820438385,,
23,31199,,0.022606799378991127,,
23,31249,,0.0335264727473259,,
23,31299,,0.013628407381474972,,
23,31349,,0.012540745548903942,,
23,31399,,0.01900610327720642,,
23,31449,,0.01739134080708027,,
23,31499,,0.014556806534528732,,
23,31549,,0.04477304220199585,,
23,31599,,0.028531452640891075,,
23,31649,,0.04815495014190674,,
23,31699,,0.04796447604894638,,
23,31749,,0.030191227793693542,,
23,31799,,0.041850149631500244,,
23,31849,,0.033857498317956924,,
23,31899,,0.041863057762384415,,
23,31949,,0.03035510890185833,,
23,31999,,0.03632103651762009,,
23,32049,,0.012732394970953465,,
23,32099,,0.04191582277417183,,
23,32149,,0.04015812650322914,,
23,32199,,0.05219614505767822,,
23,32249,,0.0195291880518198,,
23,32299,,0.008852381259202957,,
23,32349,,0.04652636498212814,,
23,32399,,0.007386164739727974,,
23,32399,,,0.9506134390830994,0.1364622861146927
23,32399,0.03083311766386032,,,
24,32449,,0.052180103957653046,,
24,32499,,0.04887164756655693,,
24,32549,,0.023392491042613983,,
24,32599,,0.029215477406978607,,
24,32649,,0.012945301830768585,,
24,32699,,0.02072526514530182,,
24,32749,,0.09772822260856628,,
24,32799,,0.05729221925139427,,
24,32849,,0.005853723268955946,,
24,32899,,0.039684295654296875,,
24,32949,,0.015105677768588066,,
24,32999,,0.03645831346511841,,
24,33049,,0.03382622078061104,,
24,33099,,0.02221689373254776,,
24,33149,,0.03610515967011452,,
24,33199,,0.018765047192573547,,
24,33249,,0.03994639217853546,,
24,33299,,0.021379346027970314,,
24,33349,,0.03062746860086918,,
24,33399,,0.09903675317764282,,
24,33449,,0.02469627559185028,,
24,33499,,0.02781595289707184,,
24,33549,,0.0980253666639328,,
24,33599,,0.02374522015452385,,
24,33649,,0.010461447760462761,,
24,33699,,0.009312042966485023,,
24,33749,,0.013654228299856186,,
24,33749,,,0.9458564519882202,0.15524663031101227
24,33749,0.02882491983473301,,,
25,33799,,0.010027782991528511,,
25,33849,,0.05462223291397095,,
25,33899,,0.02965080924332142,,
25,33949,,0.05601327493786812,,
25,33999,,0.035539183765649796,,
25,34049,,0.028049645945429802,,
25,34099,,0.006912910379469395,,
25,34149,,0.021469974890351295,,
25,34199,,0.02262032777070999,,
25,34249,,0.012520830146968365,,
25,34299,,0.05252917855978012,,
25,34349,,0.030698098242282867,,
25,34399,,0.009936905466020107,,
25,34449,,0.01553377415984869,,
25,34499,,0.017920754849910736,,
25,34549,,0.030487220734357834,,
25,34599,,0.034288354218006134,,
25,34649,,0.0409262552857399,,
25,34699,,0.027243921533226967,,
25,34749,,0.0259830541908741,,
25,34799,,0.02599196322262287,,
25,34849,,0.032509446144104004,,
25,34899,,0.023311492055654526,,
25,34949,,0.03417503088712692,,
25,34999,,0.018474724143743515,,
25,35049,,0.06114882230758667,,
25,35099,,0.010943553410470486,,
25,35099,,,0.9510416388511658,0.13543961942195892
25,35099,0.028380369767546654,,,
26,35149,,0.04811570793390274,,
26,35199,,0.0077811297960579395,,
26,35249,,0.008469116874039173,,
26,35299,,0.005116416607052088,,
26,35349,,0.012423831969499588,,
26,35399,,0.03177930414676666,,
26,35449,,0.032497793436050415,,
26,35499,,0.02769487164914608,,
26,35549,,0.028985071927309036,,
26,35599,,0.10684501379728317,,
26,35649,,0.011701836250722408,,
26,35699,,0.030286677181720734,,
26,35749,,0.03935054689645767,,
26,35799,,0.034415993839502335,,
26,35849,,0.031050486490130424,,
26,35899,,0.0028179436922073364,,
26,35949,,0.011048405431210995,,
26,35999,,0.03637358173727989,,
26,36049,,0.013228313997387886,,
26,36099,,0.07063273340463638,,
26,36149,,0.04456475004553795,,
26,36199,,0.046438440680503845,,
26,36249,,0.014933966100215912,,
26,36299,,0.018108772113919258,,
26,36349,,0.027440747246146202,,
26,36399,,0.02393755502998829,,
26,36449,,0.042233891785144806,,
26,36449,,,0.9457986354827881,0.15350794792175293
26,36449,0.027073197066783905,,,
27,36499,,0.027386633679270744,,
27,36549,,0.027382507920265198,,
27,36599,,0.017310041934251785,,
27,36649,,0.018620111048221588,,
27,36699,,0.035838719457387924,,
27,36749,,0.00267229788005352,,
27,36799,,0.00927343126386404,,
27,36849,,0.012102639302611351,,
27,36899,,0.023014288395643234,,
27,36949,,0.01888928934931755,,
27,36999,,0.043897926807403564,,
27,37049,,0.01920490898191929,,
27,37099,,0.021629460155963898,,
27,37149,,0.026072070002555847,,
27,37199,,0.021396398544311523,,
27,37249,,0.034140050411224365,,
27,37299,,0.0474216565489769,,
27,37349,,0.015819072723388672,,
27,37399,,0.0074517205357551575,,
27,37449,,0.024510251358151436,,
27,37499,,0.02373325079679489,,
27,37549,,0.016634665429592133,,
27,37599,,0.023668484762310982,,
27,37649,,0.018360715359449387,,
27,37699,,0.031059250235557556,,
27,37749,,0.061789147555828094,,
27,37799,,0.029923778027296066,,
27,37799,,,0.9515277743339539,0.13373669981956482
27,37799,0.02655240334570408,,,
28,37849,,0.010938325896859169,,
28,37899,,0.042727939784526825,,
28,37949,,0.028104562312364578,,
28,37999,,0.014014353975653648,,
28,38049,,0.024384092539548874,,
28,38099,,0.01330100279301405,,
28,38149,,0.008956017903983593,,
28,38199,,0.023539992049336433,,
28,38249,,0.03097091056406498,,
28,38299,,0.026448747143149376,,
28,38349,,0.018058113753795624,,
28,38399,,0.010006622411310673,,
28,38449,,0.016761712729930878,,
28,38499,,0.04061805456876755,,
28,38549,,0.02929368056356907,,
28,38599,,0.0056425402872264385,,
28,38649,,0.019914912059903145,,
28,38699,,0.025571594014763832,,
28,38749,,0.014801422134041786,,
28,38799,,0.04268908500671387,,
28,38849,,0.043522775173187256,,
28,38899,,0.03580324351787567,,
28,38949,,0.05175494775176048,,
28,38999,,0.023240529000759125,,
28,39049,,0.041892942041158676,,
28,39099,,0.04483683779835701,,
28,39149,,0.037069521844387054,,
28,39149,,,0.9421411752700806,0.16830648481845856
28,39149,0.025715311989188194,,,
29,39199,,0.0058861467987298965,,
29,39249,,0.017791952937841415,,
29,39299,,0.022943396121263504,,
29,39349,,0.016968542709946632,,
29,39399,,0.049574945122003555,,
29,39449,,0.01307010743767023,,
29,39499,,0.028005437925457954,,
29,39549,,0.010087478905916214,,
29,39599,,0.07701823860406876,,
29,39649,,0.05939165875315666,,
29,39699,,0.05614345893263817,,
29,39749,,0.022959988564252853,,
29,39799,,0.02016415260732174,,
29,39849,,0.0225771926343441,,
29,39899,,0.03587612509727478,,
29,39949,,0.03092431277036667,,
29,39999,,0.0305596012622118,,
29,40049,,0.020772915333509445,,
29,40099,,0.005154292099177837,,
29,40149,,0.0397476889193058,,
29,40199,,0.05093848705291748,,
29,40249,,0.0311440322548151,,
29,40299,,0.012494954280555248,,
29,40349,,0.005817996338009834,,
29,40399,,0.021800657734274864,,
29,40449,,0.03334526717662811,,
29,40499,,0.021801134571433067,,
29,40499,,,0.9429745078086853,0.16657516360282898
29,40499,0.025928426533937454,,,
30,40549,,0.026736322790384293,,
30,40599,,0.03089611604809761,,
30,40649,,0.006321933586150408,,
30,40699,,0.00859810784459114,,
30,40749,,0.022731998935341835,,
30,40799,,0.03834320604801178,,
30,40849,,0.01759263500571251,,
30,40899,,0.02411118894815445,,
30,40949,,0.01827392168343067,,
30,40999,,0.022867823019623756,,
30,41049,,0.010439264588057995,,
30,41099,,0.03408857807517052,,
30,41149,,0.03076784685254097,,
30,41199,,0.02152274362742901,,
30,41249,,0.01335472334176302,,
30,41299,,0.005813731346279383,,
30,41349,,0.014558312483131886,,
30,41399,,0.025807693600654602,,
30,41449,,0.00970996543765068,,
30,41499,,0.06662101298570633,,
30,41549,,0.0324920117855072,,
30,41599,,0.002925900276750326,,
30,41649,,0.004172157030552626,,
30,41699,,0.01641223020851612,,
30,41749,,0.005581998266279697,,
30,41799,,0.011922938749194145,,
30,41849,,0.0789158046245575,,
30,41849,,,0.950960636138916,0.1419530063867569
30,41849,0.02416948601603508,,,
31,41899,,0.028883928433060646,,
31,41949,,0.0032671617809683084,,
31,41999,,0.006844095885753632,,
31,42049,,0.03544541448354721,,
31,42099,,0.011212047189474106,,
31,42149,,0.01212263572961092,,
31,42199,,0.03458445891737938,,
31,42249,,0.03380829468369484,,
31,42299,,0.04006363824009895,,
31,42349,,0.022580251097679138,,
31,42399,,0.048528097569942474,,
31,42449,,0.011720867827534676,,
31,42499,,0.016257382929325104,,
31,42549,,0.011724461801350117,,
31,42599,,0.020882457494735718,,
31,42649,,0.0260668583214283,,
31,42699,,0.009642473421990871,,
31,42749,,0.025743329897522926,,
31,42799,,0.04142822325229645,,
31,42849,,0.059068359434604645,,
31,42899,,0.018467891961336136,,
31,42949,,0.006285987328737974,,
31,42999,,0.019740311428904533,,
31,43049,,0.05399813875555992,,
31,43099,,0.020572064444422722,,
31,43149,,0.05087039992213249,,
31,43199,,0.05356365442276001,,
31,43199,,,0.9462847113609314,0.1548740714788437
31,43199,0.024042319506406784,,,
32,43249,,0.01445998065173626,,
32,43299,,0.008166280575096607,,
32,43349,,0.025920290499925613,,
32,43399,,0.07424496859312057,,
32,43449,,0.014793597161769867,,
32,43499,,0.020386001095175743,,
32,43549,,0.034385886043310165,,
32,43599,,0.027170248329639435,,
32,43649,,0.00879395380616188,,
32,43699,,0.09402817487716675,,
32,43749,,0.009197774343192577,,
32,43799,,0.013502157293260098,,
32,43849,,0.0059311287477612495,,
32,43899,,0.01999547705054283,,
32,43949,,0.014201298356056213,,
32,43999,,0.006780114024877548,,
32,44049,,0.013202493079006672,,
32,44099,,0.01581277884542942,,
32,44149,,0.026173321530222893,,
32,44199,,0.036819856613874435,,
32,44249,,0.023755621165037155,,
32,44299,,0.037078652530908585,,
32,44349,,0.017901111394166946,,
32,44399,,0.005858240649104118,,
32,44449,,0.02780117653310299,,
32,44499,,0.021654633805155754,,
32,44549,,0.0201652180403471,,
32,44549,,,0.9520022869110107,0.13645455241203308
32,44549,0.02287423610687256,,,
33,44599,,0.019819334149360657,,
33,44649,,0.0010109250433743,,
33,44699,,0.018155721947550774,,
33,44749,,0.009808595292270184,,
33,44799,,0.006068460643291473,,
33,44849,,0.0024633328430354595,,
33,44899,,0.01259656623005867,,
33,44949,,0.04521627351641655,,
33,44999,,0.02566540241241455,,
33,45049,,0.030187007039785385,,
33,45099,,0.013596108183264732,,
33,45149,,0.031378455460071564,,
33,45199,,0.049058035016059875,,
33,45249,,0.006748086307197809,,
33,45299,,0.008283393457531929,,
33,45349,,0.028503194451332092,,
33,45399,,0.0409499891102314,,
33,45449,,0.03184458613395691,,
33,45499,,0.051980990916490555,,
33,45549,,0.008196520619094372,,
33,45599,,0.023019613698124886,,
33,45649,,0.03387518972158432,,
33,45699,,0.02091852016746998,,
33,45749,,0.021709218621253967,,
33,45799,,0.035185858607292175,,
33,45849,,0.04031369462609291,,
33,45899,,0.03187953308224678,,
33,45899,,,0.9466898441314697,0.1597161442041397
33,45899,0.022355463355779648,,,
34,45949,,0.008795288391411304,,
34,45999,,0.05530252680182457,,
34,46049,,0.007747683674097061,,
34,46099,,0.0313846692442894,,
34,46149,,0.027048109099268913,,
34,46199,,0.0234460961073637,,
34,46249,,0.03503125160932541,,
34,46299,,0.017596939578652382,,
34,46349,,0.028187310323119164,,
34,46399,,0.023906240239739418,,
34,46449,,0.024198291823267937,,
34,46499,,0.04413135349750519,,
34,46549,,0.012281738221645355,,
34,46599,,0.01949123851954937,,
34,46649,,0.05870939791202545,,
34,46699,,0.030339034274220467,,
34,46749,,0.011316562071442604,,
34,46799,,0.009895004332065582,,
34,46849,,0.035042017698287964,,
34,46899,,0.008005047217011452,,
34,46949,,0.011058680713176727,,
34,46999,,0.0022096612956374884,,
34,47049,,0.007640582509338856,,
34,47099,,0.041538771241903305,,
34,47149,,0.008047278970479965,,
34,47199,,0.024064401164650917,,
34,47249,,0.03521949425339699,,
34,47249,,,0.9450231194496155,0.1624222993850708
34,47249,0.021923447027802467,,,
35,47299,,0.0031193066388368607,,
35,47349,,0.0067560928873717785,,
35,47399,,0.010813398286700249,,
35,47449,,0.028864694759249687,,
35,47499,,0.0075724427588284016,,
35,47549,,0.016729500144720078,,
35,47599,,0.017632482573390007,,
35,47649,,0.051770761609077454,,
35,47699,,0.01689527928829193,,
35,47749,,0.0021948597859591246,,
35,47799,,0.0054329088889062405,,
35,47849,,0.045295748859643936,,
35,47899,,0.0422501303255558,,
35,47949,,0.06596238166093826,,
35,47999,,0.010056115686893463,,
35,48049,,0.006774045526981354,,
35,48099,,0.034062739461660385,,
35,48149,,0.012162484228610992,,
35,48199,,0.012905100360512733,,
35,48249,,0.007688173558562994,,
35,48299,,0.06239796429872513,,
35,48349,,0.02545701339840889,,
35,48399,,0.00803641602396965,,
35,48449,,0.028312191367149353,,
35,48499,,0.04268747940659523,,
35,48549,,0.015627052634954453,,
35,48599,,0.009578768163919449,,
35,48599,,,0.9508333206176758,0.14254412055015564
35,48599,0.021463895216584206,,,
36,48649,,0.016324782744050026,,
36,48699,,0.009056907147169113,,
36,48749,,0.018140055239200592,,
36,48799,,0.05736369267106056,,
36,48849,,0.009215189144015312,,
36,48899,,0.006805036216974258,,
36,48949,,0.0361471064388752,,
36,48999,,0.015058045275509357,,
36,49049,,0.038883090019226074,,
36,49099,,0.023712456226348877,,
36,49149,,0.01303625013679266,,
36,49199,,0.020627977326512337,,
36,49249,,0.006517679896205664,,
36,49299,,0.05569765716791153,,
36,49349,,0.024775013327598572,,
36,49399,,0.0047817775048315525,,
36,49449,,0.023484602570533752,,
36,49499,,0.04295055940747261,,
36,49549,,0.019342027604579926,,
36,49599,,0.010657304897904396,,
36,49649,,0.037708576768636703,,
36,49699,,0.01581457443535328,,
36,49749,,0.04200468584895134,,
36,49799,,0.00905865989625454,,
36,49849,,0.04079825058579445,,
36,49899,,0.0059483852237463,,
36,49949,,0.010142932645976543,,
36,49949,,,0.9479976892471313,0.1508100926876068
36,49949,0.02152453176677227,,,
37,49999,,0.01444526482373476,,
37,50049,,0.004055403172969818,,
37,50099,,0.03574492409825325,,
37,50149,,0.0056272647343575954,,
37,50199,,0.0196825060993433,,
37,50249,,0.018030961975455284,,
37,50299,,0.007374158129096031,,
37,50349,,0.039173852652311325,,
37,50399,,0.008296159096062183,,
37,50449,,0.010566562414169312,,
37,50499,,0.012754401192069054,,
37,50549,,0.01116224192082882,,
37,50599,,0.006795872468501329,,
37,50649,,0.02618335373699665,,
37,50699,,0.010220012627542019,,
37,50749,,0.04710592329502106,,
37,50799,,0.01596185564994812,,
37,50849,,0.028004147112369537,,
37,50899,,0.013548105955123901,,
37,50949,,0.0384092852473259,,
37,50999,,0.00607731519266963,,
37,51049,,0.011523008346557617,,
37,51099,,0.014612832106649876,,
37,51149,,0.024131784215569496,,
37,51199,,0.03682094067335129,,
37,51249,,0.03841685131192207,,
37,51299,,0.016177646815776825,,
37,51299,,,0.9492014050483704,0.1489771455526352
37,51299,0.020521456375718117,,,
38,51349,,0.01085649710148573,,
38,51399,,0.01899559795856476,,
38,51449,,0.002356830285862088,,
38,51499,,0.029045887291431427,,
38,51549,,0.01789851486682892,,
38,51599,,0.028420211747288704,,
38,51649,,0.02653673104941845,,
38,51699,,0.028630826622247696,,
38,51749,,0.0013185431016609073,,
38,51799,,0.03605053573846817,,
38,51849,,0.018666837364435196,,
38,51899,,0.028555316850543022,,
38,51949,,0.024212487041950226,,
38,51999,,0.01746295392513275,,
38,52049,,0.023706475272774696,,
38,52099,,0.01755497418344021,,
38,52149,,0.02216240204870701,,
38,52199,,0.003571373876184225,,
38,52249,,0.01882856711745262,,
38,52299,,0.006822019815444946,,
38,52349,,0.01873413473367691,,
38,52399,,0.004639752209186554,,
38,52449,,0.006682003382593393,,
38,52499,,0.043228913098573685,,
38,52549,,0.05978196859359741,,
38,52599,,0.014425256289541721,,
38,52649,,0.01141485758125782,,
38,52649,,,0.949097216129303,0.15030892193317413
38,52649,0.019639117643237114,,,
39,52699,,0.03396722301840782,,
39,52749,,0.027720246464014053,,
39,52799,,0.01080870907753706,,
39,52849,,0.01803518459200859,,
39,52899,,0.011095788329839706,,
39,52949,,0.017009612172842026,,
39,52999,,0.0026300253812223673,,
39,53049,,0.005050716921687126,,
39,53099,,0.02199382707476616,,
39,53149,,0.03400745615363121,,
39,53199,,0.014245420694351196,,
39,53249,,0.0032025394029915333,,
39,53299,,0.027369383722543716,,
39,53349,,0.0012559114256873727,,
39,53399,,0.019228214398026466,,
39,53449,,0.02493981271982193,,
39,53499,,0.02081700786948204,,
39,53549,,0.0184294655919075,,
39,53599,,0.04489089548587799,,
39,53649,,0.01363036036491394,,
39,53699,,0.02984519861638546,,
39,53749,,0.003434806829318404,,
39,53799,,0.034880973398685455,,
39,53849,,0.028055615723133087,,
39,53899,,0.012481539510190487,,
39,53949,,0.047902911901474,,
39,53999,,0.01042135339230299,,
39,53999,,,0.9496643543243408,0.15013031661510468
39,53999,0.02066069282591343,,,
40,54049,,0.015221664682030678,,
40,54099,,0.018141640350222588,,
40,54149,,0.06046566367149353,,
40,54199,,0.01687854714691639,,
40,54249,,0.046510789543390274,,
40,54299,,0.011203640140593052,,
40,54349,,0.0036845996510237455,,
40,54399,,0.008405514992773533,,
40,54449,,0.014375650323927402,,
40,54499,,0.02610662579536438,,
40,54549,,0.013808196410536766,,
40,54599,,0.009132608771324158,,
40,54649,,0.026859499514102936,,
40,54699,,0.002498500980436802,,
40,54749,,0.009232035838067532,,
40,54799,,0.012667461298406124,,
40,54849,,0.014560756273567677,,
40,54899,,0.0259239561855793,,
40,54949,,0.027558494359254837,,
40,54999,,0.034932296723127365,,
40,55049,,0.020252080634236336,,
40,55099,,0.005811362061649561,,
40,55149,,0.009384797886013985,,
40,55199,,0.0021481357980519533,,
40,55249,,0.021465305238962173,,
40,55299,,0.007755948696285486,,
40,55349,,0.025205686688423157,,
40,55349,,,0.9481134414672852,0.15993329882621765
40,55349,0.019252771511673927,,,
41,55399,,0.011372538283467293,,
41,55449,,0.020204298198223114,,
41,55499,,0.009009309113025665,,
41,55549,,0.055727481842041016,,
41,55599,,0.004268731456249952,,
41,55649,,0.004795609973371029,,
41,55699,,0.002393403323367238,,
41,55749,,0.038258861750364304,,
41,55799,,0.0048010461032390594,,
41,55849,,0.00930478423833847,,
41,55899,,0.00044343655463308096,,
41,55949,,0.010748625732958317,,
41,55999,,0.006654311902821064,,
41,56049,,0.0074125975370407104,,
41,56099,,0.028448184952139854,,
41,56149,,0.015523634850978851,,
41,56199,,0.022681862115859985,,
41,56249,,0.020129697397351265,,
41,56299,,0.0015117136063054204,,
41,56349,,0.015158234164118767,,
41,56399,,0.016010932624340057,,
41,56449,,0.011403408832848072,,
41,56499,,0.013508596457540989,,
41,56549,,0.025121424347162247,,
41,56599,,0.020546894520521164,,
41,56649,,0.016894711181521416,,
41,56699,,0.061570215970277786,,
41,56699,,,0.9502546191215515,0.1513969451189041
41,56699,0.018539411947131157,,,
42,56749,,0.03483165055513382,,
42,56799,,0.027271809056401253,,
42,56849,,0.006039932370185852,,
42,56899,,0.0038743142504245043,,
42,56949,,0.016841750591993332,,
42,56999,,0.01047786045819521,,
42,57049,,0.020217010751366615,,
42,57099,,0.0030359625816345215,,
42,57149,,0.01849542371928692,,
42,57199,,0.020342601463198662,,
42,57249,,0.013075767084956169,,
42,57299,,0.009563548490405083,,
42,57349,,0.012977507896721363,,
42,57399,,0.018091266974806786,,
42,57449,,0.020366933196783066,,
42,57499,,0.0498126782476902,,
42,57549,,0.00674071442335844,,
42,57599,,0.010526121594011784,,
42,57649,,0.005335410591214895,,
42,57699,,0.03129945695400238,,
42,57749,,0.004602468106895685,,
42,57799,,0.02026284858584404,,
42,57849,,0.023995479568839073,,
42,57899,,0.03176130726933479,,
42,57949,,0.010051925666630268,,
42,57999,,0.00891168788075447,,
42,58049,,0.011845127679407597,,
42,58049,,,0.9472106695175171,0.1596982628107071
42,58049,0.01902456395328045,,,
43,58099,,0.041872285306453705,,
43,58149,,0.019539713859558105,,
43,58199,,0.009704376570880413,,
43,58249,,0.02777745947241783,,
43,58299,,0.00419658562168479,,
43,58349,,0.005181127693504095,,
43,58399,,0.0052628591656684875,,
43,58449,,0.03812175989151001,,
43,58499,,0.00788305327296257,,
43,58549,,0.019615154713392258,,
43,58599,,0.010971956886351109,,
43,58649,,0.0128960395231843,,
43,58699,,0.010203595273196697,,
43,58749,,0.02396853081882,,
43,58799,,0.017629049718379974,,
43,58849,,0.0040259393863379955,,
43,58899,,0.010138980112969875,,
43,58949,,0.07015892118215561,,
43,58999,,0.03506121411919594,,
43,59049,,0.0035257318522781134,,
43,59099,,0.013611914590001106,,
43,59149,,0.01297751720994711,,
43,59199,,0.0956479161977768,,
43,59249,,0.03714120015501976,,
43,59299,,0.04844379052519798,,
43,59349,,0.03275309503078461,,
43,59399,,0.013092326931655407,,
43,59399,,,0.9532986283302307,0.13746865093708038
43,59399,0.020640317350625992,,,
44,59449,,0.012528062798082829,,
44,59499,,0.008867686614394188,,
44,59549,,0.01836470700800419,,
44,59599,,0.022388607263565063,,
44,59649,,0.020810715854167938,,
44,59699,,0.004941170569509268,,
44,59749,,0.022452184930443764,,
44,59799,,0.0355440154671669,,
44,59849,,0.01814155839383602,,
44,59899,,0.01884220540523529,,
44,59949,,0.0034843827597796917,,
44,59999,,0.03240201622247696,,
44,60049,,0.011678610928356647,,
44,60099,,0.011221658438444138,,
44,60149,,0.0106049170717597,,
44,60199,,0.007951806299388409,,
44,60249,,0.03132893890142441,,
44,60299,,0.0030666885431855917,,
44,60349,,0.005404604598879814,,
44,60399,,0.00548136280849576,,
44,60449,,0.02088218741118908,,
44,60499,,0.008269893936812878,,
44,60549,,0.03648301959037781,,
44,60599,,0.009389182552695274,,
44,60649,,0.015037531033158302,,
44,60699,,0.015059606172144413,,
44,60749,,0.0014846345875412226,,
44,60749,,,0.9453240633010864,0.16830310225486755
44,60749,0.01803974248468876,,,
45,60799,,0.0234383437782526,,
45,60849,,0.01208314299583435,,
45,60899,,0.004407672211527824,,
45,60949,,0.03754281625151634,,
45,60999,,0.0025130771100521088,,
45,61049,,0.002329545561224222,,
45,61099,,0.01152112428098917,,
45,61149,,0.020260561257600784,,
45,61199,,0.020894402638077736,,
45,61249,,0.007356715854257345,,
45,61299,,0.016558153554797173,,
45,61349,,0.011607706546783447,,
45,61399,,0.002514970488846302,,
45,61449,,0.008010140620172024,,
45,61499,,0.005635179579257965,,
45,61549,,0.011844854801893234,,
45,61599,,0.008864674717187881,,
45,61649,,0.002639394486322999,,
45,61699,,0.016769755631685257,,
45,61749,,0.056152064353227615,,
45,61799,,0.018184475600719452,,
45,61849,,0.012309471145272255,,
45,61899,,0.02383137308061123,,
45,61949,,0.005296656861901283,,
45,61999,,0.04531214386224747,,
45,62049,,0.007348720915615559,,
45,62099,,0.039514247328042984,,
45,62099,,,0.9462152719497681,0.16422900557518005
45,62099,0.01746903546154499,,,
46,62149,,0.001074524479918182,,
46,62199,,0.018712962046265602,,
46,62249,,0.0032857332844287157,,
46,62299,,0.013714191503822803,,
46,62349,,0.007395526394248009,,
46,62399,,0.04786493629217148,,
46,62449,,0.006557150278240442,,
46,62499,,0.011919389478862286,,
46,62549,,0.008020094595849514,,
46,62599,,0.013661989010870457,,
46,62649,,0.020391110330820084,,
46,62699,,0.018615664914250374,,
46,62749,,0.025690509006381035,,
46,62799,,0.0035688907373696566,,
46,62849,,0.0125887431204319,,
46,62899,,0.031220119446516037,,
46,62949,,0.039082616567611694,,
46,62999,,0.0018385336734354496,,
46,63049,,0.03727022930979729,,
46,63099,,0.05993204563856125,,
46,63149,,0.026912523433566093,,
46,63199,,0.0744696781039238,,
46,63249,,0.008898728527128696,,
46,63299,,0.00664873281493783,,
46,63349,,0.01845099776983261,,
46,63399,,0.01445845142006874,,
46,63449,,0.009133221581578255,,
46,63449,,,0.9459953904151917,0.160559743642807
46,63449,0.017237477004528046,,,
47,63499,,0.025849517434835434,,
47,63549,,0.005807947367429733,,
47,63599,,0.015060783363878727,,
47,63649,,0.006041406188160181,,
47,63699,,0.014126659370958805,,
47,63749,,0.03619647026062012,,
47,63799,,0.014715710654854774,,
47,63849,,0.014936576597392559,,
47,63899,,0.013719108887016773,,
47,63949,,0.0148311797529459,,
47,63999,,0.027872318401932716,,
47,64049,,0.007850643247365952,,
47,64099,,0.03195321559906006,,
47,64149,,0.024841908365488052,,
47,64199,,0.016812026500701904,,
47,64249,,0.03783836588263512,,
47,64299,,0.02288861759006977,,
47,64349,,0.011336524970829487,,
47,64399,,0.019026806578040123,,
47,64449,,0.01546529121696949,,
47,64499,,0.004519388545304537,,
47,64549,,0.05310867726802826,,
47,64599,,0.02872871421277523,,
47,64649,,0.005921982228755951,,
47,64699,,0.04280553013086319,,
47,64749,,0.05757633596658707,,
47,64799,,0.021363072097301483,,
47,64799,,,0.9392476677894592,0.19976893067359924
47,64799,0.0170610211789608,,,
48,64849,,0.0015817864332348108,,
48,64899,,0.010039457120001316,,
48,64949,,0.017872437834739685,,
48,64999,,0.012911779806017876,,
48,65049,,0.00281019345857203,,
48,65099,,0.015139597468078136,,
48,65149,,0.007708935998380184,,
48,65199,,0.03764208033680916,,
48,65249,,0.02713218331336975,,
48,65299,,0.011292499490082264,,
48,65349,,0.01977463997900486,,
48,65399,,0.032018646597862244,,
48,65449,,0.012180585414171219,,
48,65499,,0.007750871125608683,,
48,65549,,0.023743359372019768,,
48,65599,,0.03909659758210182,,
48,65649,,0.002988747786730528,,
48,65699,,0.0018681928049772978,,
48,65749,,0.03353585675358772,,
48,65799,,0.010498981922864914,,
48,65849,,0.05362652987241745,,
48,65899,,0.03185010701417923,,
48,65949,,0.007647139020264149,,
48,65999,,0.012816858477890491,,
48,66049,,0.02203703671693802,,
48,66099,,0.027718620374798775,,
48,66149,,0.033803388476371765,,
48,66149,,,0.9499421119689941,0.1586495339870453
48,66149,0.01661805622279644,,,
49,66199,,0.020062925294041634,,
49,66249,,0.0023694655392318964,,
49,66299,,0.0007414870196953416,,
49,66349,,0.02140238881111145,,
49,66399,,0.0047296276316046715,,
49,66449,,0.0026691663078963757,,
49,66499,,0.004817632492631674,,
49,66549,,0.012531767599284649,,
49,66599,,0.019044240936636925,,
49,66649,,0.0069341580383479595,,
49,66699,,0.02202751114964485,,
49,66749,,0.002452010056003928,,
49,66799,,0.03205414116382599,,
49,66849,,0.08049456775188446,,
49,66899,,0.039606086909770966,,
49,66949,,0.012130695395171642,,
49,66999,,0.024433866143226624,,
49,67049,,0.028909211978316307,,
49,67099,,0.0665787011384964,,
49,67149,,0.03107460029423237,,
49,67199,,0.01282974611967802,,
49,67249,,0.005454807076603174,,
49,67299,,0.013719630427658558,,
49,67349,,0.03751593455672264,,
49,67399,,0.008885967545211315,,
49,67449,,0.028179466724395752,,
49,67499,,0.006247542332857847,,
49,67499,,,0.9459027647972107,0.1700461059808731
49,67499,0.01765292137861252,,,
50,67549,,0.0007251350325532258,,
50,67599,,0.026193590834736824,,
50,67649,,0.038382694125175476,,
50,67699,,0.022107258439064026,,
50,67749,,0.013454413041472435,,
50,67799,,0.03533162176609039,,
50,67849,,0.0018380135297775269,,
50,67899,,0.012090088799595833,,
50,67949,,0.017818493768572807,,
50,67999,,0.020090149715542793,,
50,68049,,0.027627628296613693,,
50,68099,,0.010462800972163677,,
50,68149,,0.004467949736863375,,
50,68199,,0.00804311502724886,,
50,68249,,0.030188195407390594,,
50,68299,,0.006386042106896639,,
50,68349,,0.002388434251770377,,
50,68399,,0.01742110773921013,,
50,68449,,0.09219449013471603,,
50,68499,,0.009375535883009434,,
50,68549,,0.009906427934765816,,
50,68599,,0.005345708690583706,,
50,68649,,0.005339279305189848,,
50,68699,,0.0019187297439202666,,
50,68749,,0.03709913790225983,,
50,68799,,0.010065398178994656,,
50,68849,,0.036022499203681946,,
50,68849,,,0.9502893686294556,0.1518726944923401
50,68849,0.0170608963817358,,,
51,68899,,0.0020285516511648893,,
51,68949,,0.014800893142819405,,
51,68999,,0.015649516135454178,,
51,69049,,0.005206208676099777,,
51,69099,,0.006703590974211693,,
51,69149,,0.017248783260583878,,
51,69199,,0.00043771922355517745,,
51,69249,,0.03759367763996124,,
51,69299,,0.019349955022335052,,
51,69349,,0.016737133264541626,,
51,69399,,0.009440211579203606,,
51,69449,,0.039197683334350586,,
51,69499,,0.009059141390025616,,
51,69549,,0.029033729806542397,,
51,69599,,0.016843019053339958,,
51,69649,,0.020064612850546837,,
51,69699,,0.011904015205800533,,
51,69749,,0.010642369277775288,,
51,69799,,0.0374273844063282,,
51,69849,,0.0012855792883783579,,
51,69899,,0.011149290949106216,,
51,69949,,0.025716032832860947,,
51,69999,,0.008238415233790874,,
51,70049,,0.009248455055058002,,
51,70099,,0.01748165301978588,,
51,70149,,0.002348978305235505,,
51,70199,,0.013559265993535519,,
51,70199,,,0.9524999856948853,0.14526137709617615
51,70199,0.016174614429473877,,,
52,70249,,0.015833860263228416,,
52,70299,,0.011742965318262577,,
52,70349,,0.007773507386445999,,
52,70399,,0.004239450208842754,,
52,70449,,0.009532040916383266,,
52,70499,,0.0028835150878876448,,
52,70549,,0.06092946231365204,,
52,70599,,0.04198526218533516,,
52,70649,,0.028557971119880676,,
52,70699,,0.0014750412665307522,,
52,70749,,0.01901397667825222,,
52,70799,,0.002096159616485238,,
52,70849,,0.02880268730223179,,
52,70899,,0.02269388921558857,,
52,70949,,0.021667590364813805,,
52,70999,,0.007333284709602594,,
52,71049,,0.009948130697011948,,
52,71099,,0.03176003694534302,,
52,71149,,0.008945605717599392,,
52,71199,,0.02155708521604538,,
52,71249,,0.014381545595824718,,
52,71299,,0.06483136117458344,,
52,71349,,0.03456825762987137,,
52,71399,,0.06467821449041367,,
52,71449,,0.004777084570378065,,
52,71499,,0.011631328612565994,,
52,71549,,0.002882485743612051,,
52,71549,,,0.9508448839187622,0.14827638864517212
52,71549,0.016629815101623535,,,
53,71599,,0.0017066342988982797,,
53,71649,,0.011331385001540184,,
53,71699,,0.029300089925527573,,
53,71749,,0.013566335663199425,,
53,71799,,0.034754276275634766,,
53,71849,,0.036263033747673035,,
53,71899,,0.03252221643924713,,
53,71949,,0.029602626338601112,,
53,71999,,0.008847103454172611,,
53,72049,,0.0053711882792413235,,
53,72099,,0.00884291622787714,,
53,72149,,0.027087796479463577,,
53,72199,,0.03557487204670906,,
53,72249,,0.01435848232358694,,
53,72299,,0.03101458214223385,,
53,72349,,0.030598001554608345,,
53,72399,,0.006326234899461269,,
53,72449,,0.008323629386723042,,
53,72499,,0.012508755549788475,,
53,72549,,0.011658566072583199,,
53,72599,,0.03676578029990196,,
53,72649,,0.019658444449305534,,
53,72699,,0.0217947568744421,,
53,72749,,0.005999175366014242,,
53,72799,,0.022800594568252563,,
53,72849,,0.004330741241574287,,
53,72899,,0.008738349191844463,,
53,72899,,,0.9484259486198425,0.16482773423194885
53,72899,0.015405237674713135,,,
54,72949,,0.008522922173142433,,
54,72999,,0.0037422531750053167,,
54,73049,,0.035037897527217865,,
54,73099,,0.0019331329967826605,,
54,73149,,0.016712864860892296,,
54,73199,,0.05166178196668625,,
54,73249,,0.004590542055666447,,
54,73299,,0.06891936808824539,,
54,73349,,0.007413280662149191,,
54,73399,,0.036857787519693375,,
54,73449,,0.008960620500147343,,
54,73499,,0.011414295993745327,,
54,73549,,0.02976134791970253,,
54,73599,,0.01158746238797903,,
54,73649,,0.02230496145784855,,
54,73699,,0.024091916158795357,,
54,73749,,0.03780655935406685,,
54,73799,,0.0641564205288887,,
54,73849,,0.025198956951498985,,
54,73899,,0.010962321422994137,,
54,73949,,0.012904095463454723,,
54,73999,,0.012579374946653843,,
54,74049,,0.014210347086191177,,
54,74099,,0.015269734896719456,,
54,74149,,0.000768311379943043,,
54,74199,,0.058794740587472916,,
54,74249,,0.0038661824073642492,,
54,74249,,,0.953125,0.14892765879631042
54,74249,0.015900159254670143,,,
55,74299,,0.01231255754828453,,
55,74349,,0.010361973196268082,,
55,74399,,0.0028812838718295097,,
55,74449,,0.005765445996075869,,
55,74499,,0.006435374263674021,,
55,74549,,0.022667504847049713,,
55,74599,,0.002950627589598298,,
55,74649,,0.0027727477718144655,,
55,74699,,0.005521645303815603,,
55,74749,,0.012561682611703873,,
55,74799,,0.0028816191479563713,,
55,74849,,0.008125628344714642,,
55,74899,,0.002565275877714157,,
55,74949,,0.006537343375384808,,
55,74999,,0.007404570002108812,,
55,75049,,0.02872082218527794,,
55,75099,,0.05615000054240227,,
55,75149,,0.004250351805239916,,
55,75199,,0.018734538927674294,,
55,75249,,0.002859537024050951,,
55,75299,,0.0017873416654765606,,
55,75349,,0.005931419786065817,,
55,75399,,0.01897442527115345,,
55,75449,,0.004061070270836353,,
55,75499,,0.018898192793130875,,
55,75549,,0.049450039863586426,,
55,75599,,0.01198018342256546,,
55,75599,,,0.9551851749420166,0.13595055043697357
55,75599,0.016140267252922058,,,
56,75649,,0.009448458440601826,,
56,75699,,0.010465987026691437,,
56,75749,,0.014108036644756794,,
56,75799,,0.0030579676385968924,,
56,75849,,0.007286108564585447,,
56,75899,,0.018140697851777077,,
56,75949,,0.034894753247499466,,
56,75999,,0.024771282449364662,,
56,76049,,0.001685975817963481,,
56,76099,,0.0022324996534734964,,
56,76149,,0.0038038252387195826,,
56,76199,,0.026976021006703377,,
56,76249,,0.0075075277127325535,,
56,76299,,0.013422442600131035,,
56,76349,,0.0012938464060425758,,
56,76399,,0.016563676297664642,,
56,76449,,0.03301987051963806,,
56,76499,,0.006191193126142025,,
56,76549,,0.0336151123046875,,
56,76599,,0.0006399766425602138,,
56,76649,,0.0039696055464446545,,
56,76699,,0.01178327389061451,,
56,76749,,0.013115477748215199,,
56,76799,,0.017640527337789536,,
56,76849,,0.022644484415650368,,
56,76899,,0.02545657381415367,,
56,76949,,0.00326807564124465,,
56,76949,,,0.956493079662323,0.12957897782325745
56,76949,0.015716813504695892,,,
57,76999,,0.00750579871237278,,
57,77049,,0.0029848692938685417,,
57,77099,,0.01501049567013979,,
57,77149,,0.001958116190508008,,
57,77199,,0.03552897274494171,,
57,77249,,0.008400138467550278,,
57,77299,,0.001518493634648621,,
57,77349,,0.035622790455818176,,
57,77399,,0.007189295720309019,,
57,77449,,0.006546651944518089,,
57,77499,,0.04598716273903847,,
57,77549,,0.002852527191862464,,
57,77599,,0.0020427959971129894,,
57,77649,,0.0029469607397913933,,
57,77699,,0.00929588358849287,,
57,77749,,0.024661041796207428,,
57,77799,,0.037553444504737854,,
57,77849,,0.009782405570149422,,
57,77899,,0.04138338938355446,,
57,77949,,0.0018853242509067059,,
57,77999,,0.07633479684591293,,
57,78049,,0.0032611603382974863,,
57,78099,,0.011262056417763233,,
57,78149,,0.012560002505779266,,
57,78199,,0.011977721005678177,,
57,78249,,0.004233780782669783,,
57,78299,,0.03069385327398777,,
57,78299,,,0.9501504898071289,0.16096347570419312
57,78299,0.015128107741475105,,,
58,78349,,0.001295099500566721,,
58,78399,,0.007847187109291553,,
58,78449,,0.007431775331497192,,
58,78499,,0.02678755670785904,,
58,78549,,0.006527005694806576,,
58,78599,,0.013692151755094528,,
58,78649,,0.00658787414431572,,
58,78699,,0.009847544133663177,,
58,78749,,0.014055062085390091,,
58,78799,,0.023856934159994125,,
58,78849,,0.0014996472746133804,,
58,78899,,0.008794700726866722,,
58,78949,,0.007592984940856695,,
58,78999,,0.04131539538502693,,
58,79049,,0.008812477812170982,,
58,79099,,0.005244968459010124,,
58,79149,,0.010490786284208298,,
58,79199,,0.026631874963641167,,
58,79249,,0.010854761116206646,,
58,79299,,0.08132654428482056,,
58,79349,,0.014659373089671135,,
58,79399,,0.021921541541814804,,
58,79449,,0.02679712139070034,,
58,79499,,0.019792944192886353,,
58,79549,,0.012727005407214165,,
58,79599,,0.020339621230959892,,
58,79649,,0.007539376616477966,,
58,79649,,,0.9530208110809326,0.14700832962989807
58,79649,0.014624642208218575,,,
59,79699,,0.03403338044881821,,
59,79749,,0.0435209795832634,,
59,79799,,0.005090591497719288,,
59,79849,,0.014969537034630775,,
59,79899,,0.0012947993818670511,,
59,79949,,0.010261407122015953,,
59,79999,,0.002934804419055581,,
59,80049,,0.013979812152683735,,
59,80099,,0.0011919902171939611,,
59,80149,,0.06460817158222198,,
59,80199,,0.010791094973683357,,
59,80249,,0.03159525245428085,,
59,80299,,0.015240776352584362,,
59,80349,,0.002603745786473155,,
59,80399,,0.008614648133516312,,
59,80449,,0.005555637646466494,,
59,80499,,0.006012696772813797,,
59,80549,,0.0040865205228328705,,
59,80599,,0.009245101362466812,,
59,80649,,0.020555565133690834,,
59,80699,,0.028916269540786743,,
59,80749,,0.007069004233926535,,
59,80799,,0.03708610683679581,,
59,80849,,0.031072359532117844,,
59,80899,,0.02909962274134159,,
59,80949,,0.01709754951298237,,
59,80999,,0.0192389115691185,,
59,80999,,,0.9486689567565918,0.16836746037006378
59,80999,0.015401992946863174,,,
60,81049,,0.008082685060799122,,
60,81099,,0.05277027562260628,,
60,81149,,0.01007914450019598,,
60,81199,,0.013967586681246758,,
60,81249,,0.012694272212684155,,
60,81299,,0.017248522490262985,,
60,81349,,0.003201068611815572,,
60,81399,,0.010420740582048893,,
60,81449,,0.03176822140812874,,
60,81499,,0.025651268661022186,,
60,81549,,0.015292724594473839,,
60,81599,,0.0018637215252965689,,
60,81649,,0.005696895997971296,,
60,81699,,0.008217860944569111,,
60,81749,,0.007980807684361935,,
60,81799,,0.03354701027274132,,
60,81849,,0.029653426259756088,,
60,81899,,0.02206689864397049,,
60,81949,,0.0021482212468981743,,
60,81999,,0.013477982021868229,,
60,82049,,0.00032643123995512724,,
60,82099,,0.0045196921564638615,,
60,82149,,0.010956520214676857,,
60,82199,,0.0009952045511454344,,
60,82249,,0.02308986708521843,,
60,82299,,0.026890939101576805,,
60,82349,,0.029467493295669556,,
60,82349,,,0.9541782140731812,0.1426316499710083
60,82349,0.014274879358708858,,,
61,82399,,0.005521433427929878,,
61,82449,,0.003992507699877024,,
61,82499,,0.0047466205433011055,,
61,82549,,0.0018773211631923914,,
61,82599,,0.005551712587475777,,
61,82649,,0.0015778944361954927,,
61,82699,,0.020727088674902916,,
61,82749,,0.014118166640400887,,
61,82799,,0.009802598506212234,,
61,82849,,0.017236921936273575,,
61,82899,,0.02793935127556324,,
61,82949,,0.04679044708609581,,
61,82999,,0.022651944309473038,,
61,83049,,0.05623776465654373,,
61,83099,,0.022250331938266754,,
61,83149,,0.00047581849503330886,,
61,83199,,0.009606909938156605,,
61,83249,,0.04819668456912041,,
61,83299,,0.002705948892980814,,
61,83349,,0.018353288993239403,,
61,83399,,0.032774850726127625,,
61,83449,,0.0043285139836370945,,
61,83499,,0.02694706991314888,,
61,83549,,0.014715985395014286,,
61,83599,,0.02212146483361721,,
61,83649,,0.016908088698983192,,
61,83699,,0.047369785606861115,,
61,83699,,,0.9566203951835632,0.1395849883556366
61,83699,0.014417971484363079,,,
62,83749,,0.0015520334709435701,,
62,83799,,0.014979921281337738,,
62,83849,,0.004284637980163097,,
62,83899,,0.00424931850284338,,
62,83949,,0.01981133408844471,,
62,83999,,0.007502653170377016,,
62,84049,,0.04397204518318176,,
62,84099,,0.014396115206182003,,
62,84149,,0.029885070398449898,,
62,84199,,0.008235263638198376,,
62,84249,,0.009106847457587719,,
62,84299,,0.014954537153244019,,
62,84349,,0.025034651160240173,,
62,84399,,0.012949858792126179,,
62,84449,,0.007481005508452654,,
62,84499,,0.011352598667144775,,
62,84549,,0.006843729875981808,,
62,84599,,0.006070997100323439,,
62,84649,,0.004606840666383505,,
62,84699,,0.011740356683731079,,
62,84749,,0.06905809044837952,,
62,84799,,0.044773850589990616,,
62,84849,,0.0189712755382061,,
62,84899,,0.01361977681517601,,
62,84949,,0.013411728665232658,,
62,84999,,0.005840185564011335,,
62,85049,,0.0484590083360672,,
62,85049,,,0.9534027576446533,0.14724649488925934
62,85049,0.014428002759814262,,,
63,85099,,0.002090555615723133,,
63,85149,,0.009115859866142273,,
63,85199,,0.0035762412007898092,,
63,85249,,0.008462798781692982,,
63,85299,,0.039779167622327805,,
63,85349,,0.0012033875100314617,,
63,85399,,0.00974676851183176,,
63,85449,,0.0004371220711618662,,
63,85499,,0.01404120959341526,,
63,85549,,0.0018169418908655643,,
63,85599,,9.195548773277551e-05,,
63,85649,,0.004645774140954018,,
63,85699,,0.012821213342249393,,
63,85749,,0.0026122184935957193,,
63,85799,,0.021991755813360214,,
63,85849,,0.007500513456761837,,
63,85899,,0.004347680602222681,,
63,85949,,0.005015078000724316,,
63,85999,,0.004177291877567768,,
63,86049,,0.0019622775726020336,,
63,86099,,0.019474010914564133,,
63,86149,,0.01570270024240017,,
63,86199,,0.023760119453072548,,
63,86249,,0.018568851053714752,,
63,86299,,0.036553483456373215,,
63,86349,,0.01430025976151228,,
63,86399,,0.016862450167536736,,
63,86399,,,0.9531365633010864,0.14446434378623962
63,86399,0.01402187068015337,,,
64,86449,,0.029449835419654846,,
64,86499,,0.00907375942915678,,
64,86549,,0.002604362089186907,,
64,86599,,0.027618389576673508,,
64,86649,,0.007911796681582928,,
64,86699,,0.0003847194602712989,,
64,86749,,0.009312720969319344,,
64,86799,,0.0271071158349514,,
64,86849,,0.008700186386704445,,
64,86899,,0.0066730729304254055,,
64,86949,,0.016561949625611305,,
64,86999,,0.01602201722562313,,
64,87049,,0.014010518789291382,,
64,87099,,0.0024176749866455793,,
64,87149,,0.05249466001987457,,
64,87199,,0.003924493677914143,,
64,87249,,0.009821510873734951,,
64,87299,,0.012512668035924435,,
64,87349,,0.0007169637246988714,,
64,87399,,0.00353379943408072,,
64,87449,,0.019269336014986038,,
64,87499,,0.010909009724855423,,
64,87549,,0.0012807550374418497,,
64,87599,,0.011337540112435818,,
64,87649,,0.01673220470547676,,
64,87699,,0.027168864384293556,,
